template,zone,element,attr,control_name
0,0,0,color,MOTION32_SCREEN_MAIN_BACKGROUND
0,1,0,color,MOTION32_SCREEN_MAIN_HEADER_BACKGROUND
0,1,1,text,MOTION32_SCREEN_MAIN_ENCODER_LABEL_CC_BUT[0]
0,1,1,color,MOTION32_SCREEN_MAIN_ENCODER_LABEL_CC_BUT_COLOR[0]
0,1,1,visible,MOTION32_SCREEN_MAIN_ENCODER_LABEL_CC_BUT_VISIBLE[0]
0,1,1,font,MOTION32_SCREEN_MAIN_ENCODER_LABEL_CC_BUT_FONTSTYLE[0]
0,1,2,text,MOTION32_SCREEN_MAIN_ENCODER_LABEL_CC_BUT[1]
0,1,2,color,MOTION32_SCREEN_MAIN_ENCODER_LABEL_CC_BUT_COLOR[1]
0,1,2,visible,MOTION32_SCREEN_MAIN_ENCODER_LABEL_CC_BUT_VISIBLE[1]
0,1,2,font,MOTION32_SCREEN_MAIN_ENCODER_LABEL_CC_BUT_FONTSTYLE[1]
0,1,3,text,MOTION32_SCREEN_MAIN_ENCODER_LABEL_CC_BUT[2]
0,1,3,color,MOTION32_SCREEN_MAIN_ENCODER_LABEL_CC_BUT_COLOR[2]
0,1,3,visible,MOTION32_SCREEN_MAIN_ENCODER_LABEL_CC_BUT_VISIBLE[2]
0,1,3,font,MOTION32_SCREEN_MAIN_ENCODER_LABEL_CC_BUT_FONTSTYLE[2]
0,1,4,text,MOTION32_SCREEN_MAIN_ENCODER_LABEL_CC_BUT[3]
0,1,4,color,MOTION32_SCREEN_MAIN_ENCODER_LABEL_CC_BUT_COLOR[3]
0,1,4,visible,MOTION32_SCREEN_MAIN_ENCODER_LABEL_CC_BUT_VISIBLE[3]
0,1,4,font,MOTION32_SCREEN_MAIN_ENCODER_LABEL_CC_BUT_FONTSTYLE[3]
0,1,5,text,MOTION32_SCREEN_MAIN_HEADER_TITLE_TEXT
0,1,5,color,MOTION32_SCREEN_MAIN_HEADER_TITLE_TEXT_COLOR
0,1,5,visible,MOTION32_SCREEN_MAIN_HEADER_TITLE_TEXT_VISIBLE
0,1,5,font,MOTION32_SCREEN_MAIN_HEADER_TITLE_TEXT_FONTSTYLE
0,2,0,color,MOTION32_SCREEN_MAIN_HEADER_DIVIDER_COLOR
0,2,0,visible,MOTION32_SCREEN_MAIN_HEADER_DIVIDER_VISIBLE
0,12,0,color,MOTION32_SCREEN_MAIN_FOOTER_DIVIDER_COLOR
0,13,0,color,MOTION32_SCREEN_MAIN_FOOTER_BACKGROUND
0,13,1,text,MOTION32_SCREEN_MAIN_ENCODER_LABEL_CC_BUT[4]
0,13,1,color,MOTION32_SCREEN_MAIN_ENCODER_LABEL_CC_BUT_COLOR[4]
0,13,1,visible,MOTION32_SCREEN_MAIN_ENCODER_LABEL_CC_BUT_VISIBLE[4]
0,13,1,font,MOTION32_SCREEN_MAIN_ENCODER_LABEL_CC_BUT_FONTSTYLE[4]
0,13,2,text,MOTION32_SCREEN_MAIN_ENCODER_LABEL_CC_BUT[5]
0,13,2,color,MOTION32_SCREEN_MAIN_ENCODER_LABEL_CC_BUT_COLOR[5]
0,13,2,visible,MOTION32_SCREEN_MAIN_ENCODER_LABEL_CC_BUT_VISIBLE[5]
0,13,2,font,MOTION32_SCREEN_MAIN_ENCODER_LABEL_CC_BUT_FONTSTYLE[5]
0,13,3,text,MOTION32_SCREEN_MAIN_ENCODER_LABEL_CC_BUT[6]
0,13,3,color,MOTION32_SCREEN_MAIN_ENCODER_LABEL_CC_BUT_COLOR[6]
0,13,3,visible,MOTION32_SCREEN_MAIN_ENCODER_LABEL_CC_BUT_VISIBLE[6]
0,13,3,font,MOTION32_SCREEN_MAIN_ENCODER_LABEL_CC_BUT_FONTSTYLE[6]
0,13,4,text,MOTION32_SCREEN_MAIN_ENCODER_LABEL_CC_BUT[7]
0,13,4,color,MOTION32_SCREEN_MAIN_ENCODER_LABEL_CC_BUT_COLOR[7]
0,13,4,visible,MOTION32_SCREEN_MAIN_ENCODER_LABEL_CC_BUT_VISIBLE[7]
0,13,4,font,MOTION32_SCREEN_MAIN_ENCODER_LABEL_CC_BUT_FONTSTYLE[7]
0,3,0,color,MOTION32_SCREEN_MAIN_ENCODER_BACKGROUND[0]
0,3,1,value,MOTION32_SCREEN_MAIN_ENCODER_ENCODER[0]
0,3,1,color,MOTION32_SCREEN_MAIN_ENCODER_COLOR[0]
0,3,1,visible,MOTION32_SCREEN_MAIN_ENCODER_VISIBLE[0]
0,3,2,text,MOTION32_SCREEN_MAIN_ENCODER_LABEL_CC_ENC[0]
0,3,2,visible,MOTION32_SCREEN_MAIN_ENCODER_LABEL_CC_ENC_VISIBLE[0]
0,3,2,color,MOTION32_SCREEN_MAIN_ENCODER_LABEL_CC_ENC_COLOR[0]
0,4,0,color,MOTION32_SCREEN_MAIN_ENCODER_BACKGROUND[1]
0,4,1,value,MOTION32_SCREEN_MAIN_ENCODER_ENCODER[1]
0,4,1,color,MOTION32_SCREEN_MAIN_ENCODER_COLOR[1]
0,4,1,visible,MOTION32_SCREEN_MAIN_ENCODER_VISIBLE[1]
0,4,2,text,MOTION32_SCREEN_MAIN_ENCODER_LABEL_CC_ENC[1]
0,4,2,visible,MOTION32_SCREEN_MAIN_ENCODER_LABEL_CC_ENC_VISIBLE[1]
0,4,2,color,MOTION32_SCREEN_MAIN_ENCODER_LABEL_CC_ENC_COLOR[1]
0,5,0,color,MOTION32_SCREEN_MAIN_ENCODER_BACKGROUND[2]
0,5,1,value,MOTION32_SCREEN_MAIN_ENCODER_ENCODER[2]
0,5,1,color,MOTION32_SCREEN_MAIN_ENCODER_COLOR[2]
0,5,1,visible,MOTION32_SCREEN_MAIN_ENCODER_VISIBLE[2]
0,5,2,text,MOTION32_SCREEN_MAIN_ENCODER_LABEL_CC_ENC[2]
0,5,2,visible,MOTION32_SCREEN_MAIN_ENCODER_LABEL_CC_ENC_VISIBLE[2]
0,5,2,color,MOTION32_SCREEN_MAIN_ENCODER_LABEL_CC_ENC_COLOR[2]
0,6,0,color,MOTION32_SCREEN_MAIN_ENCODER_BACKGROUND[3]
0,6,1,value,MOTION32_SCREEN_MAIN_ENCODER_ENCODER[3]
0,6,1,color,MOTION32_SCREEN_MAIN_ENCODER_COLOR[3]
0,6,1,visible,MOTION32_SCREEN_MAIN_ENCODER_VISIBLE[3]
0,6,2,text,MOTION32_SCREEN_MAIN_ENCODER_LABEL_CC_ENC[3]
0,6,2,visible,MOTION32_SCREEN_MAIN_ENCODER_LABEL_CC_ENC_VISIBLE[3]
0,6,2,color,MOTION32_SCREEN_MAIN_ENCODER_LABEL_CC_ENC_COLOR[3]
0,7,0,color,MOTION32_SCREEN_MAIN_TEXT_BACKGROUND
0,7,1,text,MOTION32_SCREEN_MAIN_TEXT
0,7,1,color,MOTION32_SCREEN_MAIN_TEXT_COLOR
0,7,1,visible,MOTION32_SCREEN_MAIN_TEXT_VISIBLE
0,8,0,color,MOTION32_SCREEN_MAIN_ENCODER_BACKGROUND[4]
0,8,1,value,MOTION32_SCREEN_MAIN_ENCODER_ENCODER[4]
0,8,1,color,MOTION32_SCREEN_MAIN_ENCODER_COLOR[4]
0,8,1,visible,MOTION32_SCREEN_MAIN_ENCODER_VISIBLE[4]
0,8,2,text,MOTION32_SCREEN_MAIN_ENCODER_LABEL_CC_ENC[4]
0,8,2,visible,MOTION32_SCREEN_MAIN_ENCODER_LABEL_CC_ENC_VISIBLE[4]
0,8,2,color,MOTION32_SCREEN_MAIN_ENCODER_LABEL_CC_ENC_COLOR[4]
0,9,0,color,MOTION32_SCREEN_MAIN_ENCODER_BACKGROUND[5]
0,9,1,value,MOTION32_SCREEN_MAIN_ENCODER_ENCODER[5]
0,9,1,color,MOTION32_SCREEN_MAIN_ENCODER_COLOR[5]
0,9,1,visible,MOTION32_SCREEN_MAIN_ENCODER_VISIBLE[5]
0,9,2,text,MOTION32_SCREEN_MAIN_ENCODER_LABEL_CC_ENC[5]
0,9,2,visible,MOTION32_SCREEN_MAIN_ENCODER_LABEL_CC_ENC_VISIBLE[5]
0,9,2,color,MOTION32_SCREEN_MAIN_ENCODER_LABEL_CC_ENC_COLOR[5]
0,10,0,color,MOTION32_SCREEN_MAIN_ENCODER_BACKGROUND[6]
0,10,1,value,MOTION32_SCREEN_MAIN_ENCODER_ENCODER[6]
0,10,1,color,MOTION32_SCREEN_MAIN_ENCODER_COLOR[6]
0,10,1,visible,MOTION32_SCREEN_MAIN_ENCODER_VISIBLE[6]
0,10,2,text,MOTION32_SCREEN_MAIN_ENCODER_LABEL_CC_ENC[6]
0,10,2,visible,MOTION32_SCREEN_MAIN_ENCODER_LABEL_CC_ENC_VISIBLE[6]
0,10,2,color,MOTION32_SCREEN_MAIN_ENCODER_LABEL_CC_ENC_COLOR[6]
0,11,0,color,MOTION32_SCREEN_MAIN_ENCODER_BACKGROUND[7]
0,11,1,value,MOTION32_SCREEN_MAIN_ENCODER_ENCODER[7]
0,11,1,color,MOTION32_SCREEN_MAIN_ENCODER_COLOR[7]
0,11,1,visible,MOTION32_SCREEN_MAIN_ENCODER_VISIBLE[7]
0,11,2,text,MOTION32_SCREEN_MAIN_ENCODER_LABEL_CC_ENC[7]
0,11,2,visible,MOTION32_SCREEN_MAIN_ENCODER_LABEL_CC_ENC_VISIBLE[7]
0,11,2,color,MOTION32_SCREEN_MAIN_ENCODER_LABEL_CC_ENC_COLOR[7]
1,0,0,color,MOTION32_SCREEN_MENU_BACKGROUND
1,1,0,color,MOTION32_SCREEN_MENU_HEADER_BACKGROUND
1,1,5,text,MOTION32_SCREEN_MENU_HEADER_TITLE_TEXT
1,1,5,color,MOTION32_SCREEN_MENU_HEADER_TITLE_TEXT_COLOR
1,1,5,visible,MOTION32_SCREEN_MENU_HEADER_TITLE_TEXT_VISIBLE
1,1,5,font,MOTION32_SCREEN_MENU_HEADER_TITLE_TEXT_FONTSTYLE
1,1,1,text,MOTION32_SCREEN_MENU_HEADER_BUT_TEXT[0]
1,1,1,color,MOTION32_SCREEN_MENU_HEADER_BUT_TEXT_COLOR[0]
1,1,1,visible,MOTION32_SCREEN_MENU_HEADER_BUT_TEXT_VISIBLE[0]
1,1,1,font,MOTION32_SCREEN_MENU_HEADER_BUT_TEXT_FONTSTYLE[0]
1,1,2,text,MOTION32_SCREEN_MENU_HEADER_BUT_TEXT[1]
1,1,2,color,MOTION32_SCREEN_MENU_HEADER_BUT_TEXT_COLOR[1]
1,1,2,visible,MOTION32_SCREEN_MENU_HEADER_BUT_TEXT_VISIBLE[1]
1,1,2,font,MOTION32_SCREEN_MENU_HEADER_BUT_TEXT_FONTSTYLE[1]
1,1,3,text,MOTION32_SCREEN_MENU_HEADER_BUT_TEXT[2]
1,1,3,color,MOTION32_SCREEN_MENU_HEADER_BUT_TEXT_COLOR[2]
1,1,3,visible,MOTION32_SCREEN_MENU_HEADER_BUT_TEXT_VISIBLE[2]
1,1,3,font,MOTION32_SCREEN_MENU_HEADER_BUT_TEXT_FONTSTYLE[2]
1,1,4,text,MOTION32_SCREEN_MENU_HEADER_BUT_TEXT[3]
1,1,4,color,MOTION32_SCREEN_MENU_HEADER_BUT_TEXT_COLOR[3]
1,1,4,visible,MOTION32_SCREEN_MENU_HEADER_BUT_TEXT_VISIBLE[3]
1,1,4,font,MOTION32_SCREEN_MENU_HEADER_BUT_TEXT_FONTSTYLE[3]
1,2,0,color,MOTION32_SCREEN_MENU_HEADER_DIVIDER_COLOR
1,2,0,visible,MOTION32_SCREEN_MENU_HEADER_DIVIDER_VISIBLE
1,6,0,color,MOTION32_SCREEN_MENU_FOOTER_BACKGROUND
1,6,1,text,MOTION32_SCREEN_MENU_FOOTER_BUT_TEXT[0]
1,6,1,color,MOTION32_SCREEN_MENU_FOOTER_BUT_TEXT_COLOR[0]
1,6,1,visible,MOTION32_SCREEN_MENU_FOOTER_BUT_TEXT_VISIBLE[0]
1,6,1,font,MOTION32_SCREEN_MENU_FOOTER_BUT_TEXT_FONTSTYLE[0]
1,6,2,text,MOTION32_SCREEN_MENU_FOOTER_BUT_TEXT[1]
1,6,2,color,MOTION32_SCREEN_MENU_FOOTER_BUT_TEXT_COLOR[1]
1,6,2,visible,MOTION32_SCREEN_MENU_FOOTER_BUT_TEXT_VISIBLE[1]
1,6,2,font,MOTION32_SCREEN_MENU_FOOTER_BUT_TEXT_FONTSTYLE[1]
1,6,3,text,MOTION32_SCREEN_MENU_FOOTER_BUT_TEXT[2]
1,6,3,color,MOTION32_SCREEN_MENU_FOOTER_BUT_TEXT_COLOR[2]
1,6,3,visible,MOTION32_SCREEN_MENU_FOOTER_BUT_TEXT_VISIBLE[2]
1,6,3,font,MOTION32_SCREEN_MENU_FOOTER_BUT_TEXT_FONTSTYLE[2]
1,6,4,text,MOTION32_SCREEN_MENU_FOOTER_BUT_TEXT[3]
1,6,4,color,MOTION32_SCREEN_MENU_FOOTER_BUT_TEXT_COLOR[3]
1,6,4,visible,MOTION32_SCREEN_MENU_FOOTER_BUT_TEXT_VISIBLE[3]
1,6,4,font,MOTION32_SCREEN_MENU_FOOTER_BUT_TEXT_FONTSTYLE[3]
1,5,0,color,MOTION32_SCREEN_MENU_FOOTER_DIVIDER_COLOR
1,3,0,color,MOTION32_SCREEN_MENU_MENU_BACKGROUND[0]
1,3,1,text,MOTION32_SCREEN_MENU_TEXT_ROW[0][0]
1,3,1,color,MOTION32_SCREEN_MENU_TEXT_ROW_COLOR[0][0]
1,3,1,font,MOTION32_SCREEN_MENU_TEXT_ROW_FONTSTYLE[0][0]
1,3,1,visible,MOTION32_SCREEN_MENU_TEXT_ROW_VISIBLE[0][0]
1,3,2,text,MOTION32_SCREEN_MENU_TEXT_ROW[1][0]
1,3,2,color,MOTION32_SCREEN_MENU_TEXT_ROW_COLOR[1][0]
1,3,2,font,MOTION32_SCREEN_MENU_TEXT_ROW_FONTSTYLE[1][0]
1,3,2,visible,MOTION32_SCREEN_MENU_TEXT_ROW_VISIBLE[1][0]
1,3,3,text,MOTION32_SCREEN_MENU_TEXT_ROW[2][0]
1,3,3,color,MOTION32_SCREEN_MENU_TEXT_ROW_COLOR[2][0]
1,3,3,font,MOTION32_SCREEN_MENU_TEXT_ROW_FONTSTYLE[2][0]
1,3,3,visible,MOTION32_SCREEN_MENU_TEXT_ROW_VISIBLE[2][0]
1,3,4,text,MOTION32_SCREEN_MENU_TEXT_ROW[3][0]
1,3,4,color,MOTION32_SCREEN_MENU_TEXT_ROW_COLOR[3][0]
1,3,4,font,MOTION32_SCREEN_MENU_TEXT_ROW_FONTSTYLE[3][0]
1,3,4,visible,MOTION32_SCREEN_MENU_TEXT_ROW_VISIBLE[3][0]
1,3,5,text,MOTION32_SCREEN_MENU_TEXT_ROW[4][0]
1,3,5,color,MOTION32_SCREEN_MENU_TEXT_ROW_COLOR[4][0]
1,3,5,font,MOTION32_SCREEN_MENU_TEXT_ROW_FONTSTYLE[4][0]
1,3,5,visible,MOTION32_SCREEN_MENU_TEXT_ROW_VISIBLE[4][0]
1,3,6,text,MOTION32_SCREEN_MENU_TEXT_ROW[5][0]
1,3,6,color,MOTION32_SCREEN_MENU_TEXT_ROW_COLOR[5][0]
1,3,6,font,MOTION32_SCREEN_MENU_TEXT_ROW_FONTSTYLE[5][0]
1,3,6,visible,MOTION32_SCREEN_MENU_TEXT_ROW_VISIBLE[5][0]
1,4,0,color,MOTION32_SCREEN_MENU_MENU_BACKGROUND[1]
1,4,1,text,MOTION32_SCREEN_MENU_TEXT_ROW[0][1]
1,4,1,color,MOTION32_SCREEN_MENU_TEXT_ROW_COLOR[0][1]
1,4,1,font,MOTION32_SCREEN_MENU_TEXT_ROW_FONTSTYLE[0][1]
1,4,1,visible,MOTION32_SCREEN_MENU_TEXT_ROW_VISIBLE[0][1]
1,4,2,text,MOTION32_SCREEN_MENU_TEXT_ROW[1][1]
1,4,2,color,MOTION32_SCREEN_MENU_TEXT_ROW_COLOR[1][1]
1,4,2,font,MOTION32_SCREEN_MENU_TEXT_ROW_FONTSTYLE[1][1]
1,4,2,visible,MOTION32_SCREEN_MENU_TEXT_ROW_VISIBLE[1][1]
1,4,3,text,MOTION32_SCREEN_MENU_TEXT_ROW[2][1]
1,4,3,color,MOTION32_SCREEN_MENU_TEXT_ROW_COLOR[2][1]
1,4,3,font,MOTION32_SCREEN_MENU_TEXT_ROW_FONTSTYLE[2][1]
1,4,3,visible,MOTION32_SCREEN_MENU_TEXT_ROW_VISIBLE[2][1]
1,4,4,text,MOTION32_SCREEN_MENU_TEXT_ROW[3][1]
1,4,4,color,MOTION32_SCREEN_MENU_TEXT_ROW_COLOR[3][1]
1,4,4,font,MOTION32_SCREEN_MENU_TEXT_ROW_FONTSTYLE[3][1]
1,4,4,visible,MOTION32_SCREEN_MENU_TEXT_ROW_VISIBLE[3][1]
1,4,5,text,MOTION32_SCREEN_MENU_TEXT_ROW[4][1]
1,4,5,color,MOTION32_SCREEN_MENU_TEXT_ROW_COLOR[4][1]
1,4,5,font,MOTION32_SCREEN_MENU_TEXT_ROW_FONTSTYLE[4][1]
1,4,5,visible,MOTION32_SCREEN_MENU_TEXT_ROW_VISIBLE[4][1]
1,4,6,text,MOTION32_SCREEN_MENU_TEXT_ROW[5][1]
1,4,6,color,MOTION32_SCREEN_MENU_TEXT_ROW_COLOR[5][1]
1,4,6,font,MOTION32_SCREEN_MENU_TEXT_ROW_FONTSTYLE[5][1]
1,4,6,visible,MOTION32_SCREEN_MENU_TEXT_ROW_VISIBLE[5][1]
2,0,0,color,MOTION32_SCREEN_MIXER_BACKGROUND
2,1,0,color,MOTION32_SCREEN_MIXER_CHANNEL_BACKGROUND[0]
2,1,1,text,MOTION32_SCREEN_MIXER_CHANNEL_CH_NUMBER[0]
2,1,1,visible,MOTION32_SCREEN_MIXER_CHANNEL_CH_NUMBER_VISIBLE[0]
2,1,2,value,MOTION32_SCREEN_MIXER_CHANNEL_FADER[0]
2,1,2,visible,MOTION32_SCREEN_MIXER_CHANNEL_FADER_VISIBLE[0]
2,1,3,value,MOTION32_SCREEN_MIXER_CHANNEL_BUT_MUTE[0]
2,1,3,visible,MOTION32_SCREEN_MIXER_CHANNEL_BUT_MUTE_VISIBLE[0]
2,1,4,value,MOTION32_SCREEN_MIXER_CHANNEL_BUT_SOLO[0]
2,1,4,visible,MOTION32_SCREEN_MIXER_CHANNEL_BUT_SOLO_VISIBLE[0]
2,1,5,color,MOTION32_SCREEN_MIXER_CHANNEL_LABEL_BACKGROUND[0]
2,1,6,text,MOTION32_SCREEN_MIXER_CHANNEL_LABEL[0]
2,1,7,value,MOTION32_SCREEN_MIXER_CHANNEL_METER_LEFT[0]
2,1,7,visible,MOTION32_SCREEN_MIXER_CHANNEL_METER_LEFT_VISIBLE[0]
2,1,7,color,MOTION32_SCREEN_MIXER_CHANNEL_METER_LEFT_BACKGROUND[0]
2,1,8,value,MOTION32_SCREEN_MIXER_CHANNEL_METER_RIGHT[0]
2,1,8,visible,MOTION32_SCREEN_MIXER_CHANNEL_METER_RIGHT_VISIBLE[0]
2,1,8,color,MOTION32_SCREEN_MIXER_CHANNEL_METER_RIGHT_BACKGROUND[0]
2,2,0,color,MOTION32_SCREEN_MIXER_CHANNEL_BACKGROUND[1]
2,2,1,text,MOTION32_SCREEN_MIXER_CHANNEL_CH_NUMBER[1]
2,2,1,visible,MOTION32_SCREEN_MIXER_CHANNEL_CH_NUMBER_VISIBLE[1]
2,2,2,value,MOTION32_SCREEN_MIXER_CHANNEL_FADER[1]
2,2,2,visible,MOTION32_SCREEN_MIXER_CHANNEL_FADER_VISIBLE[1]
2,2,3,value,MOTION32_SCREEN_MIXER_CHANNEL_BUT_MUTE[1]
2,2,3,visible,MOTION32_SCREEN_MIXER_CHANNEL_BUT_MUTE_VISIBLE[1]
2,2,4,value,MOTION32_SCREEN_MIXER_CHANNEL_BUT_SOLO[1]
2,2,4,visible,MOTION32_SCREEN_MIXER_CHANNEL_BUT_SOLO_VISIBLE[1]
2,2,5,color,MOTION32_SCREEN_MIXER_CHANNEL_LABEL_BACKGROUND[1]
2,2,6,text,MOTION32_SCREEN_MIXER_CHANNEL_LABEL[1]
2,2,7,value,MOTION32_SCREEN_MIXER_CHANNEL_METER_LEFT[1]
2,2,7,visible,MOTION32_SCREEN_MIXER_CHANNEL_METER_LEFT_VISIBLE[1]
2,2,7,color,MOTION32_SCREEN_MIXER_CHANNEL_METER_LEFT_BACKGROUND[1]
2,2,8,value,MOTION32_SCREEN_MIXER_CHANNEL_METER_RIGHT[1]
2,2,8,visible,MOTION32_SCREEN_MIXER_CHANNEL_METER_RIGHT_VISIBLE[1]
2,2,8,color,MOTION32_SCREEN_MIXER_CHANNEL_METER_RIGHT_BACKGROUND[1]
2,3,0,color,MOTION32_SCREEN_MIXER_CHANNEL_BACKGROUND[2]
2,3,1,text,MOTION32_SCREEN_MIXER_CHANNEL_CH_NUMBER[2]
2,3,1,visible,MOTION32_SCREEN_MIXER_CHANNEL_CH_NUMBER_VISIBLE[2]
2,3,2,value,MOTION32_SCREEN_MIXER_CHANNEL_FADER[2]
2,3,2,visible,MOTION32_SCREEN_MIXER_CHANNEL_FADER_VISIBLE[2]
2,3,3,value,MOTION32_SCREEN_MIXER_CHANNEL_BUT_MUTE[2]
2,3,3,visible,MOTION32_SCREEN_MIXER_CHANNEL_BUT_MUTE_VISIBLE[2]
2,3,4,value,MOTION32_SCREEN_MIXER_CHANNEL_BUT_SOLO[2]
2,3,4,visible,MOTION32_SCREEN_MIXER_CHANNEL_BUT_SOLO_VISIBLE[2]
2,3,5,color,MOTION32_SCREEN_MIXER_CHANNEL_LABEL_BACKGROUND[2]
2,3,6,text,MOTION32_SCREEN_MIXER_CHANNEL_LABEL[2]
2,3,7,value,MOTION32_SCREEN_MIXER_CHANNEL_METER_LEFT[2]
2,3,7,visible,MOTION32_SCREEN_MIXER_CHANNEL_METER_LEFT_VISIBLE[2]
2,3,7,color,MOTION32_SCREEN_MIXER_CHANNEL_METER_LEFT_BACKGROUND[2]
2,3,8,value,MOTION32_SCREEN_MIXER_CHANNEL_METER_RIGHT[2]
2,3,8,visible,MOTION32_SCREEN_MIXER_CHANNEL_METER_RIGHT_VISIBLE[2]
2,3,8,color,MOTION32_SCREEN_MIXER_CHANNEL_METER_RIGHT_BACKGROUND[2]
2,4,0,color,MOTION32_SCREEN_MIXER_CHANNEL_BACKGROUND[3]
2,4,1,text,MOTION32_SCREEN_MIXER_CHANNEL_CH_NUMBER[3]
2,4,1,visible,MOTION32_SCREEN_MIXER_CHANNEL_CH_NUMBER_VISIBLE[3]
2,4,2,value,MOTION32_SCREEN_MIXER_CHANNEL_FADER[3]
2,4,2,visible,MOTION32_SCREEN_MIXER_CHANNEL_FADER_VISIBLE[3]
2,4,3,value,MOTION32_SCREEN_MIXER_CHANNEL_BUT_MUTE[3]
2,4,3,visible,MOTION32_SCREEN_MIXER_CHANNEL_BUT_MUTE_VISIBLE[3]
2,4,4,value,MOTION32_SCREEN_MIXER_CHANNEL_BUT_SOLO[3]
2,4,4,visible,MOTION32_SCREEN_MIXER_CHANNEL_BUT_SOLO_VISIBLE[3]
2,4,5,color,MOTION32_SCREEN_MIXER_CHANNEL_LABEL_BACKGROUND[3]
2,4,6,text,MOTION32_SCREEN_MIXER_CHANNEL_LABEL[3]
2,4,7,value,MOTION32_SCREEN_MIXER_CHANNEL_METER_LEFT[3]
2,4,7,visible,MOTION32_SCREEN_MIXER_CHANNEL_METER_LEFT_VISIBLE[3]
2,4,7,color,MOTION32_SCREEN_MIXER_CHANNEL_METER_LEFT_BACKGROUND[3]
2,4,8,value,MOTION32_SCREEN_MIXER_CHANNEL_METER_RIGHT[3]
2,4,8,visible,MOTION32_SCREEN_MIXER_CHANNEL_METER_RIGHT_VISIBLE[3]
2,4,8,color,MOTION32_SCREEN_MIXER_CHANNEL_METER_RIGHT_BACKGROUND[3]
2,5,0,color,MOTION32_SCREEN_MIXER_CHANNEL_BACKGROUND[4]
2,5,1,text,MOTION32_SCREEN_MIXER_CHANNEL_CH_NUMBER[4]
2,5,1,visible,MOTION32_SCREEN_MIXER_CHANNEL_CH_NUMBER_VISIBLE[4]
2,5,2,value,MOTION32_SCREEN_MIXER_CHANNEL_FADER[4]
2,5,2,visible,MOTION32_SCREEN_MIXER_CHANNEL_FADER_VISIBLE[4]
2,5,3,value,MOTION32_SCREEN_MIXER_CHANNEL_BUT_MUTE[4]
2,5,3,visible,MOTION32_SCREEN_MIXER_CHANNEL_BUT_MUTE_VISIBLE[4]
2,5,4,value,MOTION32_SCREEN_MIXER_CHANNEL_BUT_SOLO[4]
2,5,4,visible,MOTION32_SCREEN_MIXER_CHANNEL_BUT_SOLO_VISIBLE[4]
2,5,5,color,MOTION32_SCREEN_MIXER_CHANNEL_LABEL_BACKGROUND[4]
2,5,6,text,MOTION32_SCREEN_MIXER_CHANNEL_LABEL[4]
2,5,7,value,MOTION32_SCREEN_MIXER_CHANNEL_METER_LEFT[4]
2,5,7,visible,MOTION32_SCREEN_MIXER_CHANNEL_METER_LEFT_VISIBLE[4]
2,5,7,color,MOTION32_SCREEN_MIXER_CHANNEL_METER_LEFT_BACKGROUND[4]
2,5,8,value,MOTION32_SCREEN_MIXER_CHANNEL_METER_RIGHT[4]
2,5,8,visible,MOTION32_SCREEN_MIXER_CHANNEL_METER_RIGHT_VISIBLE[4]
2,5,8,color,MOTION32_SCREEN_MIXER_CHANNEL_METER_RIGHT_BACKGROUND[4]
2,6,0,color,MOTION32_SCREEN_MIXER_CHANNEL_BACKGROUND[5]
2,6,1,text,MOTION32_SCREEN_MIXER_CHANNEL_CH_NUMBER[5]
2,6,1,visible,MOTION32_SCREEN_MIXER_CHANNEL_CH_NUMBER_VISIBLE[5]
2,6,2,value,MOTION32_SCREEN_MIXER_CHANNEL_FADER[5]
2,6,2,visible,MOTION32_SCREEN_MIXER_CHANNEL_FADER_VISIBLE[5]
2,6,3,value,MOTION32_SCREEN_MIXER_CHANNEL_BUT_MUTE[5]
2,6,3,visible,MOTION32_SCREEN_MIXER_CHANNEL_BUT_MUTE_VISIBLE[5]
2,6,4,value,MOTION32_SCREEN_MIXER_CHANNEL_BUT_SOLO[5]
2,6,4,visible,MOTION32_SCREEN_MIXER_CHANNEL_BUT_SOLO_VISIBLE[5]
2,6,5,color,MOTION32_SCREEN_MIXER_CHANNEL_LABEL_BACKGROUND[5]
2,6,6,text,MOTION32_SCREEN_MIXER_CHANNEL_LABEL[5]
2,6,7,value,MOTION32_SCREEN_MIXER_CHANNEL_METER_LEFT[5]
2,6,7,visible,MOTION32_SCREEN_MIXER_CHANNEL_METER_LEFT_VISIBLE[5]
2,6,7,color,MOTION32_SCREEN_MIXER_CHANNEL_METER_LEFT_BACKGROUND[5]
2,6,8,value,MOTION32_SCREEN_MIXER_CHANNEL_METER_RIGHT[5]
2,6,8,visible,MOTION32_SCREEN_MIXER_CHANNEL_METER_RIGHT_VISIBLE[5]
2,6,8,color,MOTION32_SCREEN_MIXER_CHANNEL_METER_RIGHT_BACKGROUND[5]
2,7,0,color,MOTION32_SCREEN_MIXER_CHANNEL_BACKGROUND[6]
2,7,1,text,MOTION32_SCREEN_MIXER_CHANNEL_CH_NUMBER[6]
2,7,1,visible,MOTION32_SCREEN_MIXER_CHANNEL_CH_NUMBER_VISIBLE[6]
2,7,2,value,MOTION32_SCREEN_MIXER_CHANNEL_FADER[6]
2,7,2,visible,MOTION32_SCREEN_MIXER_CHANNEL_FADER_VISIBLE[6]
2,7,3,value,MOTION32_SCREEN_MIXER_CHANNEL_BUT_MUTE[6]
2,7,3,visible,MOTION32_SCREEN_MIXER_CHANNEL_BUT_MUTE_VISIBLE[6]
2,7,4,value,MOTION32_SCREEN_MIXER_CHANNEL_BUT_SOLO[6]
2,7,4,visible,MOTION32_SCREEN_MIXER_CHANNEL_BUT_SOLO_VISIBLE[6]
2,7,5,color,MOTION32_SCREEN_MIXER_CHANNEL_LABEL_BACKGROUND[6]
2,7,6,text,MOTION32_SCREEN_MIXER_CHANNEL_LABEL[6]
2,7,7,value,MOTION32_SCREEN_MIXER_CHANNEL_METER_LEFT[6]
2,7,7,visible,MOTION32_SCREEN_MIXER_CHANNEL_METER_LEFT_VISIBLE[6]
2,7,7,color,MOTION32_SCREEN_MIXER_CHANNEL_METER_LEFT_BACKGROUND[6]
2,7,8,value,MOTION32_SCREEN_MIXER_CHANNEL_METER_RIGHT[6]
2,7,8,visible,MOTION32_SCREEN_MIXER_CHANNEL_METER_RIGHT_VISIBLE[6]
2,7,8,color,MOTION32_SCREEN_MIXER_CHANNEL_METER_RIGHT_BACKGROUND[6]
2,8,0,color,MOTION32_SCREEN_MIXER_CHANNEL_BACKGROUND[7]
2,8,1,text,MOTION32_SCREEN_MIXER_CHANNEL_CH_NUMBER[7]
2,8,1,visible,MOTION32_SCREEN_MIXER_CHANNEL_CH_NUMBER_VISIBLE[7]
2,8,2,value,MOTION32_SCREEN_MIXER_CHANNEL_FADER[7]
2,8,2,visible,MOTION32_SCREEN_MIXER_CHANNEL_FADER_VISIBLE[7]
2,8,3,value,MOTION32_SCREEN_MIXER_CHANNEL_BUT_MUTE[7]
2,8,3,visible,MOTION32_SCREEN_MIXER_CHANNEL_BUT_MUTE_VISIBLE[7]
2,8,4,value,MOTION32_SCREEN_MIXER_CHANNEL_BUT_SOLO[7]
2,8,4,visible,MOTION32_SCREEN_MIXER_CHANNEL_BUT_SOLO_VISIBLE[7]
2,8,5,color,MOTION32_SCREEN_MIXER_CHANNEL_LABEL_BACKGROUND[7]
2,8,6,text,MOTION32_SCREEN_MIXER_CHANNEL_LABEL[7]
2,8,7,value,MOTION32_SCREEN_MIXER_CHANNEL_METER_LEFT[7]
2,8,7,visible,MOTION32_SCREEN_MIXER_CHANNEL_METER_LEFT_VISIBLE[7]
2,8,7,color,MOTION32_SCREEN_MIXER_CHANNEL_METER_LEFT_BACKGROUND[7]
2,8,8,value,MOTION32_SCREEN_MIXER_CHANNEL_METER_RIGHT[7]
2,8,8,visible,MOTION32_SCREEN_MIXER_CHANNEL_METER_RIGHT_VISIBLE[7]
2,8,8,color,MOTION32_SCREEN_MIXER_CHANNEL_METER_RIGHT_BACKGROUND[7]
3,0,0,color,MOTION32_SCREEN_PARAMS_BACKGROUND
3,1,0,color,MOTION32_SCREEN_PARAMS_HEADER_BACKGROUND
3,1,1,text,MOTION32_SCREEN_PARAMS_BUTTON_TEXT[0]
3,1,1,color,MOTION32_SCREEN_PARAMS_BUTTON_TEXT_COLOR[0]
3,1,1,visible,MOTION32_SCREEN_PARAMS_BUTTON_TEXT_VISIBLE[0]
3,1,2,text,MOTION32_SCREEN_PARAMS_BUTTON_TEXT[1]
3,1,2,color,MOTION32_SCREEN_PARAMS_BUTTON_TEXT_COLOR[1]
3,1,2,visible,MOTION32_SCREEN_PARAMS_BUTTON_TEXT_VISIBLE[1]
3,1,3,text,MOTION32_SCREEN_PARAMS_BUTTON_TEXT[2]
3,1,3,color,MOTION32_SCREEN_PARAMS_BUTTON_TEXT_COLOR[2]
3,1,3,visible,MOTION32_SCREEN_PARAMS_BUTTON_TEXT_VISIBLE[2]
3,1,4,text,MOTION32_SCREEN_PARAMS_BUTTON_TEXT[3]
3,1,4,color,MOTION32_SCREEN_PARAMS_BUTTON_TEXT_COLOR[3]
3,1,4,visible,MOTION32_SCREEN_PARAMS_BUTTON_TEXT_VISIBLE[3]
3,1,5,text,MOTION32_SCREEN_PARAMS_HEADER_TITLE_TEXT
3,1,5,color,MOTION32_SCREEN_PARAMS_HEADER_TITLE_TEXT_COLOR
3,1,5,visible,MOTION32_SCREEN_PARAMS_HEADER_TITLE_TEXT_VISIBLE
3,1,5,font,MOTION32_SCREEN_PARAMS_HEADER_TITLE_TEXT_FONTSTYLE
3,2,0,color,MOTION32_SCREEN_PARAMS_HEADER_DIVIDER_COLOR
3,2,0,visible,MOTION32_SCREEN_PARAMS_HEADER_DIVIDER_VISIBLE
3,12,0,color,MOTION32_SCREEN_PARAMS_FOOTER_DIVIDER_COLOR
3,13,0,color,MOTION32_SCREEN_PARAMS_FOOTER_BACKGROUND
3,13,1,text,MOTION32_SCREEN_PARAMS_BUTTON_TEXT[4]
3,13,1,color,MOTION32_SCREEN_PARAMS_BUTTON_TEXT_COLOR[4]
3,13,1,visible,MOTION32_SCREEN_PARAMS_BUTTON_TEXT_VISIBLE[4]
3,13,2,text,MOTION32_SCREEN_PARAMS_BUTTON_TEXT[5]
3,13,2,color,MOTION32_SCREEN_PARAMS_BUTTON_TEXT_COLOR[5]
3,13,2,visible,MOTION32_SCREEN_PARAMS_BUTTON_TEXT_VISIBLE[5]
3,13,3,text,MOTION32_SCREEN_PARAMS_BUTTON_TEXT[6]
3,13,3,color,MOTION32_SCREEN_PARAMS_BUTTON_TEXT_COLOR[6]
3,13,3,visible,MOTION32_SCREEN_PARAMS_BUTTON_TEXT_VISIBLE[6]
3,13,4,text,MOTION32_SCREEN_PARAMS_BUTTON_TEXT[7]
3,13,4,color,MOTION32_SCREEN_PARAMS_BUTTON_TEXT_COLOR[7]
3,13,4,visible,MOTION32_SCREEN_PARAMS_BUTTON_TEXT_VISIBLE[7]
3,3,0,color,MOTION32_SCREEN_PARAMS_BUTTON_BACKGROUND[0]
3,3,0,visible,MOTION32_SCREEN_PARAMS_BUTTON_BACKGROUND_VISIBLE[0]
3,3,1,text,MOTION32_SCREEN_PARAMS_LABEL[0]
3,3,1,color,MOTION32_SCREEN_PARAMS_LABEL_COLOR[0]
3,3,1,visible,MOTION32_SCREEN_PARAMS_LABEL_VISIBLE[0]
3,3,2,text,MOTION32_SCREEN_PARAMS_VALUE[0]
3,3,2,color,MOTION32_SCREEN_PARAMS_VALUE_COLOR[0]
3,3,2,visible,MOTION32_SCREEN_PARAMS_VALUE_VISIBLE[0]
3,4,0,color,MOTION32_SCREEN_PARAMS_BUTTON_BACKGROUND[1]
3,4,0,visible,MOTION32_SCREEN_PARAMS_BUTTON_BACKGROUND_VISIBLE[1]
3,4,1,text,MOTION32_SCREEN_PARAMS_LABEL[1]
3,4,1,color,MOTION32_SCREEN_PARAMS_LABEL_COLOR[1]
3,4,1,visible,MOTION32_SCREEN_PARAMS_LABEL_VISIBLE[1]
3,4,2,text,MOTION32_SCREEN_PARAMS_VALUE[1]
3,4,2,color,MOTION32_SCREEN_PARAMS_VALUE_COLOR[1]
3,4,2,visible,MOTION32_SCREEN_PARAMS_VALUE_VISIBLE[1]
3,5,0,color,MOTION32_SCREEN_PARAMS_BUTTON_BACKGROUND[2]
3,5,0,visible,MOTION32_SCREEN_PARAMS_BUTTON_BACKGROUND_VISIBLE[2]
3,5,1,text,MOTION32_SCREEN_PARAMS_LABEL[2]
3,5,1,color,MOTION32_SCREEN_PARAMS_LABEL_COLOR[2]
3,5,1,visible,MOTION32_SCREEN_PARAMS_LABEL_VISIBLE[2]
3,5,2,text,MOTION32_SCREEN_PARAMS_VALUE[2]
3,5,2,color,MOTION32_SCREEN_PARAMS_VALUE_COLOR[2]
3,5,2,visible,MOTION32_SCREEN_PARAMS_VALUE_VISIBLE[2]
3,6,0,color,MOTION32_SCREEN_PARAMS_BUTTON_BACKGROUND[3]
3,6,0,visible,MOTION32_SCREEN_PARAMS_BUTTON_BACKGROUND_VISIBLE[3]
3,6,1,text,MOTION32_SCREEN_PARAMS_LABEL[3]
3,6,1,color,MOTION32_SCREEN_PARAMS_LABEL_COLOR[3]
3,6,1,visible,MOTION32_SCREEN_PARAMS_LABEL_VISIBLE[3]
3,6,2,text,MOTION32_SCREEN_PARAMS_VALUE[3]
3,6,2,color,MOTION32_SCREEN_PARAMS_VALUE_COLOR[3]
3,6,2,visible,MOTION32_SCREEN_PARAMS_VALUE_VISIBLE[3]
3,7,0,color,MOTION32_SCREEN_PARAMS_TITLE_BACKGROUND
3,7,1,text,MOTION32_SCREEN_PARAMS_TITLE_TEXT
3,7,1,color,MOTION32_SCREEN_PARAMS_TITLE_TEXT_COLOR
3,7,1,visible,MOTION32_SCREEN_PARAMS_TITLE_TEXT_VISIBLE
3,8,0,color,MOTION32_SCREEN_PARAMS_BUTTON_BACKGROUND[4]
3,8,0,visible,MOTION32_SCREEN_PARAMS_BUTTON_BACKGROUND_VISIBLE[4]
3,8,1,text,MOTION32_SCREEN_PARAMS_LABEL[4]
3,8,1,color,MOTION32_SCREEN_PARAMS_LABEL_COLOR[4]
3,8,1,visible,MOTION32_SCREEN_PARAMS_LABEL_VISIBLE[4]
3,8,2,text,MOTION32_SCREEN_PARAMS_VALUE[4]
3,8,2,color,MOTION32_SCREEN_PARAMS_VALUE_COLOR[4]
3,8,2,visible,MOTION32_SCREEN_PARAMS_VALUE_VISIBLE[4]
3,9,0,color,MOTION32_SCREEN_PARAMS_BUTTON_BACKGROUND[5]
3,9,0,visible,MOTION32_SCREEN_PARAMS_BUTTON_BACKGROUND_VISIBLE[5]
3,9,1,text,MOTION32_SCREEN_PARAMS_LABEL[5]
3,9,1,color,MOTION32_SCREEN_PARAMS_LABEL_COLOR[5]
3,9,1,visible,MOTION32_SCREEN_PARAMS_LABEL_VISIBLE[5]
3,9,2,text,MOTION32_SCREEN_PARAMS_VALUE[5]
3,9,2,color,MOTION32_SCREEN_PARAMS_VALUE_COLOR[5]
3,9,2,visible,MOTION32_SCREEN_PARAMS_VALUE_VISIBLE[5]
3,10,0,color,MOTION32_SCREEN_PARAMS_BUTTON_BACKGROUND[6]
3,10,0,visible,MOTION32_SCREEN_PARAMS_BUTTON_BACKGROUND_VISIBLE[6]
3,10,1,text,MOTION32_SCREEN_PARAMS_LABEL[6]
3,10,1,color,MOTION32_SCREEN_PARAMS_LABEL_COLOR[6]
3,10,1,visible,MOTION32_SCREEN_PARAMS_LABEL_VISIBLE[6]
3,10,2,text,MOTION32_SCREEN_PARAMS_VALUE[6]
3,10,2,color,MOTION32_SCREEN_PARAMS_VALUE_COLOR[6]
3,10,2,visible,MOTION32_SCREEN_PARAMS_VALUE_VISIBLE[6]
3,11,0,color,MOTION32_SCREEN_PARAMS_BUTTON_BACKGROUND[7]
3,11,0,visible,MOTION32_SCREEN_PARAMS_BUTTON_BACKGROUND_VISIBLE[7]
3,11,1,text,MOTION32_SCREEN_PARAMS_LABEL[7]
3,11,1,color,MOTION32_SCREEN_PARAMS_LABEL_COLOR[7]
3,11,1,visible,MOTION32_SCREEN_PARAMS_LABEL_VISIBLE[7]
3,11,2,text,MOTION32_SCREEN_PARAMS_VALUE[7]
3,11,2,color,MOTION32_SCREEN_PARAMS_VALUE_COLOR[7]
3,11,2,visible,MOTION32_SCREEN_PARAMS_VALUE_VISIBLE[7]
